,text,scrape
19,भारतीय निर्यात संगठन संघ की वेबसाइट देखें,1
117,Website of North Central Zonal Cultural Centre,1
554,August 2019,0
641,apprenticeship,0
234,Website of Kerala State Information Technology Mission,1
101,Insurance Regulatory and Development Authority - External website that opens in a new window,1
22,cabinet office,1
216,मानकीकरण परीक्षण और गुणवत्ता प्रमाणन निदेशालय की वेबसाइट,1
725,British Cartoon Archive,0
212,Website of Ministry of Education,1
290,केरल राज्य भण्डारण निगम की आधिकारिक वेबसाइट,1
67,Comprehensive Web Presence - Ministry / Department,1
380,Judges of Supreme Court,1
23,British military gallantry medals,1
351,officers (royal navy),1
371,intelligence and security services,1
414,Prisoner 4099: a Victorian child criminal,0
405,Royal Navy operations and correspondence 1660-1914,0
139,Home Guard personnel,1
702,मणिपुर सूचना प्रौद्योगिकी संस्थान के बारे में जानकारी प्राप्त करें,0
192,खनिज एवं धातु व्यापार निगम लिमिटेड,1
333,Ministry of Finance - External website that opens in a new window,1
731,Project resources,0
29,इलेक्ट्रॉनिकी और सूचना प्रौद्योगिकी मंत्रालय के संगठन,1
660,america (emigration to),0
372,Departments,1
540,राष्‍ट्रीय सूचना विज्ञान केन्‍द्र (एनआईसी),0
339,royal air force,1
436,राष्ट्रीय बीज अनुसंधान और वाराणसी का प्रशिक्षण केंद्र,0
318,Chemicals and Petrochemicals,1
671,Archives sector case studies,0
408,Prime Minister’s papers from 1996 released,0
672,National Policy on Software Products - 2019,0
773,Application for permit to import live-stock products for trading and marketing,0
239,Women’s Royal Air Force personnel,1
410,Birth Certificate,0
467,Teachers and pupils,0
697,Data Protection Act 1988,0
460,Services for foreign nationals,0
633,second world war personnel,0
480,"View our fascinating and colourful collections of illustrations, propaganda, cartoons, films and art created during the Second World War.",0
15,International Olympic Committee,1
527,www.wellcome.ac.uk,0
35,attorneys,1
569,email,0
575,October 2018,0
456,May 2019,0
148,Wireless Planning & Coordination Wing (WPC),1
566,इतिहास,0
379,Royal Flying Corps airmen,1
673,Crew lists and agreements and log books of merchant ships after 1861,0
742,यात्रा के साधन,0
711,Calculate your income tax,0
193,Planning Commission,1
557,"Council for Rehabilitation of Widows, Orphans, Handicapped and Old Persons, J&K",0
377,Ministry of Development of North Eastern Region,1
96,Website of Controller of Certifying Authorities,1
8,Find something using the A-Z index,1
705,How to use the web archive,0
308,Website of Animal Husbandry and Veterinary Department of Meghalaya,1
505,District-wise Outstanding Credit of Scheduled Commercial Bank for various Occupation Classification in Punjab,0
119,"अनुदान की मांग, जल संसाधन, नदी विकास और गंगा संरक्षण मंत्रालय",1
615,Black presence: Asian and Black history in Britain from 1500 to 1850,0
481,The agreement between The National Archives and Ancestry.com FOI request reference: F0050106,0
285,Union/State Government,1
536,Go back to the page you were looking at,0
547,"VideoWhat’s Online: Stinking fish, beer and brewing controversies around 1800Monday 24 August 2020In 1809 a London brewery was prosecuted for the unusual offence of trying to...",0
232,भोपाल के राष्ट्रीय विधिक संस्थान विश्विद्यालय की वेबसाइट देखें,1
720,Annual report,0
58,People in business and trades,1
688,Cabinet Mandate,0
600,Raksha Bandhan,0
741,datasets,0
352,"Nutrition Resource Platform, Ministry of Women and Child Development",1
559,District-wise Teachers in Institutions of Punjab,0
263,Website of Central Institute of Plastics Engineering and Technology,1
116,पश्चिम बंगाल राज्य विपणन बोर्ड की वेबसाइट,1
383,railways,1
93,"अनुदान की मांग, दूरसंचार विभाग",1
646,"Births, marriages and deaths at sea or abroad",0
75,Prime Minister,1
607,Delhi Metro Rail Corporation App,0
91,Insurance Regulatory and Development Authority,1
404,Publishing of “Retained EU Law” and copyright regulations used by legislation.gov.uk and published on eur-lex.europa.eu FOI request reference: F0050923,0
496,Search our catalogue,0
627,Form for transfer of dispensary/address change by CGHS card holders of ICAR,0
603,पेंशन,0
321,State Governments,1
619,Jobs and Education,0
576,Specialist digitisation,0
368,Our governance,1
42,Website of National Disaster Management Authority,1
675,DEFE 24/2623/1,0
37,State Legislature,1
188,Uttar Pradesh Police,1
307,राष्ट्रीय वर्षा सिंचित क्षेत्र प्राधिकरण की वेबसाइट,1
727,"Nelson, Trafalgar, and those who served",0
257,"Solar Energy Corporation of India, New Delhi",1
81,चंडीगढ़ के कृषि विभाग पर सूचना,1
179,State Attorneys General,1
275,Royal Naval Reserve personnel,1
499,Code of conduct,0
426,Formative naval experiences,0
242,Royal Naval Division personnel,1
623,Schools,0
677,Public Information Films,0
47,Military and Veterans,1
572,Also in Step 2: Selecting your records,0
107,भारतीय परियोजना निर्यात संवर्धन परिषद की वेबसाइट देखें,1
501,Contact details of Directorate of Handicrafts and Handloom of Sikkim,0
487,Follow us on Instagram,0
747,4. Does The National Archives have newspapers?,0
284,National Safai Karamcharis Finance & Development corporation,1
584,सांस्कृतिक संसाधन एवं प्रशिक्षण केंद्र द्वारा भारत में कठपुतली के प्रकारों के संबंध में दी गई जानकारी प्राप्त करें,0
106,"Renewable Training, Ministry of New and Renewable Energy",1
470,Tracing Your Caribbean Ancestors,0
310,trade and industry,1
4,UAE,1
548,Cataloguing projects 2016-17,0
98,राष्ट्रपति की अध्यक्षता में बापू की 150 वीं जयंती के लिए गठित आयोजन समिति की अहम बैठक,1
218,Website of the Ministry of Mines,1
658,following our rules,0
304,Board of Directors,1
585,+A,0
313,Members of Parliament,1
473,"Learn about the Second World War using our animated maps and investigations containing original documents, film, photographs and audio.",0
694,Personal Law,0
269,"अनुदान की मांग, कारपोरेट कार्य मंत्रालय",1
25,Royal Naval seamen,1
494,Personal information charter,0
180,Western Australia,1
553,Guy Burgess records FOI request reference: F0040970,0
279,Website of Ministry of Skill Development and Entrepreneurship,1
393,Website of Nehru Memorial Museum & Library,0
686,british empire,0
628,Information on Kalidas Academy in Ujjain district of Madhya Pradesh,0
28,Home,1
756,राष्ट्रीय फसल पूर्वानुमान केन्द्र से मौसम घड़ी,0
737,Labs,0
748,पर्यावरण और वन मंत्रालय द्वारा पर्यावरण सूचना प्रणाली,0
94,The Prime Minister,1
115,Website of Department of Revenue,1
398,District Administration,0
750,Pradhan Mantri Jan Dhan Yojana Scheme Details,0
616,May 2015,0
483,"Website of Archaeological Survey of India (ASI), Chennai",0
63,Permanent Committees,1
391,FOI disclosure log,0
3,crown servants,1
160,Rural Indian,1
406,Genealogy and Family History,0
78,IRDA - External website that opens in a new window,1
382,regiments and corps,1
336,Army regiments,1
140,Members of the Advisory Council FOI request reference: F0047439,1
764,District Sector Scheme by UP Forest,0
654,online contact form,0
503,taxes and duties,0
530,Women’s Royal Air Force service records 1918-1920,0
174,दिल्ली के राष्ट्रीय रक्षा महाविद्यालय की वेबसाइट देखें,1
568,"Spending, Saving and Investing",0
102,विदेश व्यापार महानिदेशालय की वेबसाइट,1
757,वन्यजीव (संरक्षण) अधिनियम 1972,0
657,"Copyright, Designs and Patents Act 1988",0
449,Defence procurement procedure & manual,0
202,"Presidents, Vice Presidents, and First Ladies",1
82,भारतीय पुरातत्व सर्वेक्षण की आधिकारिक वेबसाइट देखें,1
523,Royal Marines’ service records 1842-1925,0
217,royal servants,1
182,नौसेना,1
141,officers (air forces),1
2,Punjab Legal Services Authority,1
376,"Legislative Council, Jammu and Kashmir",1
17,My Government,1
136,Chief Ministers,1
32,Fleet Air Arm personnel,1
421,Latest news,0
170,Citizen's Charter of Ministry of Education,1
754,indentured labour,0
644,View Profile,0
291,territorial army,1
226,Spokespeople,1
262,Conservation of Energy,1
608,Website of Startup India,0
243,इलेक्‍ट्रॉनिकी और सूचना प्रौद्योगिकी मंत्रालय,1
143,तटीय जल संवर्धन प्राधिकरण की आधिकारिक वेबसाइट,1
338,"Department for the Environment, Food and Rural Affairs",1
678,Borrowing accessioned records,0
103,गोवा के कृषि निदेशालय की वेबसाइट,1
349,How government works,1
670,1960s,0
306,Customs officers,1
144,"Website of Information Technology Department, Manipur",1
427,e-Counselling Sevices,0
765,early modern period,0
423,casualties of war,0
778,Middlesex military service appeal tribunal 1916-1918,0
1,British Army officers in service after 1918,1
79,Information on Department of School Education and Literacy,1
208,Royal Navy warrant officers,1
112,Digital Diplomacy - Ministry of External Affairs,1
244,Website of Ministry of Culture,1
450,Procedure to subscribe,0
271,Officers in the Merchant Navy,1
743,TV and postal services,0
254,Website of Maharashtra Tourism Development Corporation,1
80,Air Force records,1
50,Judiciary,1
596,District wise Annual Average Rainfall in Punjab,0
556,departments,0
461,Political and economic history,0
529,About Us and Site Notices,0
162,E-book of Ministry of Water Resources River Development and Ganga Rejuvenation,1
276,home guard,1
564,1841-1911 Census Contracts FOI request reference: F0057995,0
211,special operations executive,1
735,Australian War Memorial,0
203,The Cabinet,1
274,supreme court,1
240,Lawyers and Legal Advice,1
13,कौशल विकास एवं उद्यमिता मंत्रालय की वेबसाइट,1
424,Attempted cyber attacks FOI request reference: F0052588,0
171,Women in the British Army,1
135,Royal Air Force squadrons,1
409,early-20th-century,0
665,Case studies and research reports,0
561,Organisations,0
43,Indian Government Websites (GIGW),1
314,President of India,1
601,Information for our suppliers,0
194,Sikkim Judicial Academy,1
476,ICT expenditure FOI request reference: F0053572,0
492,Environment & Forest,0
522,Supreme Court Mobile Apps,0
516,ग्रामीण विकास मंत्रालय की योजनाएं और कार्यक्रम,0
385,Contact offices of ministers and group heads in Ministry of Electronics and Information Technology,1
359,संस्कृति के क्षेत्र में उत्कृष्ट व्यक्तियों को शिक्षावृत्ति के पुरस्कार के लिए योजना,1
354,Ministerial departments,1
277,Royal Naval Air Service officers,1
679,T,0
206,Ministry of Defence Information on recruitment and training,1
252,राष्ट्रीय स्मारक प्राधिकरण की वेबसाइट,1
268,Panchayati Raj,1
780,Copies of documents,0
520,Mobile and fixed line telephony contracts at The National Archives FOI request reference: F0053711,0
156,Directorate of Archaeology and Museums of Haryana,1
337,Coastguard officers,1
21,Ministry of Defence,1
97,Law & Justice,1
413,CCTV maintenance and support contract FOI request reference: F0056266,0
772,समुदाय,0
388,Prime Minister's Office,1
236,Defence,1
412,major,0
26,दूरस्थ शिक्षा ब्यूरो विश्वविद्यालय अनुदान आयोग का एक ब्यूरो,1
347,Website of Ministry of Electronics & Information Technology,1
113,"Locate Military Members, Units, and Facilities",1
455,"OSP36: Publications/grey literature (PDF, 0.17MB)",0
392,मत्स्य विभाग की वार्षिक रिपोर्ट 2017-18,0
630,Britain 1906-18,0
477,Ordnance Survey maps,0
493,Foreign Nationals Driving in the U.S.,0
636,वयस्क,0
538,5,0
330,Location of employees FOI request reference: F0053007,1
509,1951 - 1964,0
500,Ordnance Survey,0
326,Businesspersons,1
71,रक्षा मंत्रालय की वेबसाइट देखें,1
610,Trade,0
270,Lok Sabha,1
707,conveyance of land,0
69,Website of Department of Defence Production,1
447,February 2019,0
52,militia,1
159,Women’s Royal Naval Service personnel,1
191,metropolitan police,1
36,शिक्षा मंत्रालय की वेबसाइट देखें,1
562,Bomb Sight,0
300,Royal Navy nurses and medical officers,1
484,Scheduled Tribes/Schedule Caste,0
340,Other agencies and public bodies,1
474,Royal Naval Reserve service records 1860-1955,0
717,Information for students by Directorate of Technical Education in Tamil Nadu,0
341,Royal Navy commissioned officers,1
311,High Court of Admiralty,1
108,Search contact details of Department of Commerce,1
183,women's land army,1
190,Law Commission of India,1
597,England and Wales,0
154,Royal Naval dockyard staff,1
482,September 2016,0
682,Royal Warrant Holders Correspondence FOI request reference: F0043606,0
771,Missing record – FO 371/68368 FOI request reference: F0058664,0
89,State Health Departments,1
324,Royal Naval Volunteer Reserve personnel,1
759,UK Government Licensing Framework section,0
519,Webcast,0
302,Website of National Defence College Delhi,1
99,"National Institute of Electronics and Information Technology, Delhi",1
429,Earnings and expenditure FOI request reference: F0044478,0
278,NIC Coordinator of the National Portal,1
755,New to using archives?,0
46,"Gujarat Bhawan and Office of the Resident Commissioner, New Delhi",1
590,Support for communities,0
299,विभाग पशुपालन डेयरी और मत्स्य पालन की आधिकारिक वेबसाइट,1
5,Staff research profiles,1
24,Responsible Officers at The National Archives FOI request reference: F0044103,1
131,Military Records and Identification,1
266,वायुसेना,1
730,Access to the AB series of records FOI request reference: F0054877,0
104,wards and liveries (court of),1
659,Imperial War Museum and Historic Environment Scotland delegation of authority FOI request reference: F0048387,0
515,Know your NPS Transaction Statement - External website that opens in a new window,0
316,victorians,1
358,Government leaders,1
613,Public Distribution,0
656,GOV.UK Design System,0
6,भारतीय वन सेवा की आधिकारिक वेबसाइट,1
639,Record transfer report Spring 2016,0
632,Contacts for emergency support,0
27,Who's who,1
325,Kerala Chief Minister's Office,1
10,"State, County, and Municipal Courts",1
609,Publication scheme,0
451,पीपुल्स स्पीक,0
761,Gram Santhosh Rural Postal Life Insurance Scheme by India Post,0
721,Server Hardware Maintenance Contract FOI request reference: F0043213,0
14,Website of Minority Affairs and Madrasah Education Department of West Bengal,1
664,Revenue received from film and television productions FOI request reference: F0044888,0
40,Ministry of Cabinet Affairs,1
207,A-Z index,1
490,Getting or Renewing a U.S. Passport,0
195,aviation,1
758,Name changes,0
722,Filming,0
428,Isolating at home after testing positive for COVID-19,0
714,Consumer Complaints by Product Type,0
431,Our Friends,0
288,Cabinet Members,1
539,Aadhaar Number Validation App,0
751,Procedure to Subscribe,0
322,Indian Parliament,1
738,Science & Technology,0
346,prime minister,1
586,Website of Department of Ex-servicemen Welfare,0
227,"अनुदान की मांग, डाक विभाग",1
640,पशु पालन,0
95,Pension Fund Managers (PFMs) - External website that opens in a new window,1
521,virtual classroom,0
524,Admiralty charts (maps),0
54,केरल के आबकारी विभाग की वेवसाइट,1
498,Interpreter/translator spending FOI request reference: F0041140,0
342,Non-executive directors,1
403,Reclosure Panel Figures 2017 & 2018 FOI request reference: F0055625,0
604,Website of Self4Society,0
612,What is COVID-19,0
85,warrant officers,1
320,Ministry of Health and Family Welfare,1
760,Website of Sangeet Natak Akademi,0
129,Air Force,1
651,Travel and Immigration,0
425,naturalisation,0
401,Archives for Everyone 2019,0
528,Freedom of Information Act,0
552,Policies and budgets relating to “global influence” FOI request reference: F0047011,0
507,With Love,0
701,LiveChat,0
745,December 2015,0
205,coastguard,1
365,Directorate General of Commercial Intelligence and Statistics,1
127,Website of National Informatics Centre,1
526,Medicare,0
625,Legacies of British slave-ownership,0
362,Chiefs of Armed Forces,1
551,PRONOM technical registry,0
332,Local Governments,1
87,Innovation in Science Pursuit for Inspired Research (INSPIRE),1
378,GOV.UK,1
209,जल संसाधन मंत्रालय की वेबसाइट,1
511,Information relating to SIROs (Senior Information Risk Officers) FOI request reference: F0042661,0
396,Wills,0
329,Vice-President,1
222,"Department of Revenue, Ministry of Finance",1
728,Record transfer report Autumn 2016,0
546,Services,0
146,Companies and Employees,1
437,manorial documents register,0
579,सागर और महासागर विकास विभाग द्वारा पर्यवेक्षण तथा सूचना सेवाएं,0
432,Facilities management contracts FOI request reference: F0048306,0
430,"What was life really like in Victorian Britain? Find out through the podcasts, video conferences, workshops and lessons contained within this resource.",0
453,Digital Marketplace,0
466,लॉटरी पर 28 फ़ीसदी जीएसटी लगाने का जीएसटी काउंसिल की बैठक में फ़ैसला,0
59,राष्ट्रीय आधुनिक कला संग्रहालय की आधिकारिक वेबसाइट,1
472,Using Open Document Formats (ODF) in your organisation,0
683,केन्‍द्रीय प्रदूषण नियंत्रण बोर्ड की आधिकारिक वेबसाइट,0
712,Scheme for Providing Education to Madrasas / Minorities,0
696,Combating Coronavirus,0
199,Ministry of Water Resources,1
105,About government,1
594,Good practice and lessons learned,0
138,Records Decision Panel,1
186,संस्कृति मंत्रालय की वेबसाइट,1
201,soldier,1
219,The Ministerial Development Council,1
624,Help with Bills,0
446,inland revenue,0
124,Website of School Education and Sports Department of Maharashtra,1
687,Press Release: Web Ratna Awards,0
369,Search Rajya Sabha Members,1
214,Website of Archaeological Survey of India,1
181,paupers,1
438,Online Safety,0
510,Tax Law Changes,0
114,केंद्रीय रिजर्व पुलिस बल की वेबसाइट देखें,1
198,"State, Local, and Tribal Governments",1
86,mi5 and mi6,1
233,Union Government,1
443,Terms and conditions,0
134,commissioned officer ranks,1
187,"Website of Sugarcane Breeding Institute, Coimbatore",1
648,List of Ongoing Projects Under Non Lapsable Central Pool of Resources (NLCPR),0
631,civil litigation,0
444,Electronic medical records system FOI request reference: F0045568,0
439,वन एवं पर्यावरण,0
225,central criminal court,1
84,स्कूल शिक्षा और साक्षरता विभाग के बारे में जानकारी,1
247,भारतीय राष्ट्रीय अभिलेखागार की वेबसाइट देखें,1
249,पश्चिम बंगाल के अल्पसंख्यक मामलों एवं मदरसा शिक्षा विभाग की वेबसाइट,1
441,Financial Assistance Within Designated Natural Disaster Areas,0
286,The Royal College of Arms,1
189,Power & Energy,1
497,Exhibits,0
172,Website of Kerala Irrigation Department,1
327,Social Development,1
433,Discover some of the extraordinary outreach projects conducted with Caribbean community groups and inspired by images from the Foreign and Commonwealth collection.,0
655,"OSP4: The use and conservation of the countryside for recreational purposes 1974-1983 (PDF, 0.07MB)",0
574,महासागर विकास विभाग के जहाजों और बुनियादी ढांचे के बारे में जानकारी प्राप्त करें,0
703,coroners,0
667,Crown copyright,0
241,Coastguard records,1
567,operational selection policies listed by OSP number,0
280,वित्तीय सेवा विभाग की वेबसाइट,1
581,The National Archives’ bookshop,0
402,colleges,0
265,Royal Marines other ranks,1
149,Website of All India Council of Technical Education,1
638,Digital Availability Salem,0
184,solicitors,1
293,Website of Defence Research and Development Organisation,1
599,"अनुदान की मांग, भूमि संसाधन विभाग",0
763,Security at our Kew site,0
229,Rajasthan State Road Transport Corporation (RSRTC),1
343,Home Affairs & Enforcement,1
31,National Tiger Conservation Authority,1
45,Website of National Green Tribunal,1
766,Abbreviations in merchant seamen’s records,0
204,control commission,1
518,Caribbean through a lens – explored!,0
109,scotland,1
537,"Learn more about help for veterans and service members, joining the military, and more.",0
565,Discovery usage statistics FOI request reference: F0043465,0
549,Voting on Election Day,0
718,Handicrafts and Handlooms Exports Corporation of India Limited,0
44,मैसूर के डाक प्रशिक्षण केंद्र की वेबसाइट देखें,1
62,Organized Sector Workers,1
684,Travel outside SA,0
488,Official website of Kalakshetra Foundation,0
454,"State Forest Research Institute, Jammu and Kashmir",0
267,इलाहाबाद संग्रहालय की वेबसाइट,1
169,Council of Ministers,1
328,Ministry of External Affairs,1
357,Lawyers,1
387,merchant navy,1
533,Also in Press room,0
653,रक्षा,0
420,कृषि एवं सहकारिता विभाग के उच्च अधिकारियों की संपर्क विवरणी देखें,0
710,Three Branches of Government Lesson Plan,0
55,government,1
753,e-Contents for CCC courses offered by NIELIT,0
11,U.S. Government Employees,1
411,British Army soldiers in service after 1918,0
367,Federal Supreme Council,1
650,"Spending on Facebook, Twitter and Google services FOI request reference: F0051533",0
635,Where to stay,0
534,Talks room,0
319,"Find information for federal, state, and local government agencies and elected officials.",1
125,Ministry of Corporate Affairs,1
723,"Office of Resident Commissioner (RCWB), West Bengal",0
100,गृह मंत्रालय और प्रवर्तन,1
123,Manipur State Information Technology Society,1
563,January 2014,0
223,पश्चिम बंग गो-संपद विकाश संस्था की वेबसाइट,1
303,Website of Darjeeling Himalayan Railway,1
713,Dams,0
110,Website of Ministry of Defence,1
647,Missing or lost documents (further to F0045848) FOI request reference: F0059356,0
422,Change Color,0
118,officers (army),1
128,Parliament,1
90,National Disaster Response Force and Civil Defence,1
331,prime minister's office,1
769,Chronicling America,0
9,Pension Fund Regulatory and Development Authority - External website that opens in a new window,1
708,Asia through a lens,0
729,INSET (sessions for teachers),0
399,Staff salaries FOI request reference: F0045983,0
61,Website of Department of Financial Services,1
690,‹,0
577,Research and statistics,0
525,Unit abbreviations used in the medal index cards,0
253,बाणसागर नियंत्रण बोर्ड की वेबसाइट देखें,1
666,Research and development in the Royal Navy,0
373,"Department for Culture, Media and Sport",1
469,HO 17,0
602,How to manage your information,0
442,छात्रों के विरोध प्रदर्शन मसले पर सुप्रीम कोर्ट का सुनवाई से इंकार,0
361,Family Welfare,1
478,How the Supreme Court Works Lesson Plan,0
210,British Olympic Association,1
157,Ministry of Tribal Affairs,1
464,Open access research from our staff,0
642,Federal Personnel Records and Employment Verification,0
238,भारत के मानव विज्ञान सर्वेक्षण की वेबसाइट,1
652,नेशनल क्वालिटी मॉनिटर करने के लिए दिशानिर्देश,0
617,Information of Mohandas Karamchand Gandhi,0
353,high court of admiralty,1
68,कृषि एवं सहकारिता विभाग द्वारा पौध संरक्षण योजना के बारे में जानकारी,1
237,Pension Fund Managers - External website that opens in a new window,1
74,Department of Posts - External website that opens in a new window,1
161,GOVERNMENT OF INDIA,1
674,Electronic records management,0
142,"अनुदान की मांग, पर्यावरण और वन मंत्रालय",1
661,Number of records registered as missing FOI request reference: F0047438,0
452,Alert level 2,0
213,Website of Department of Industries of Andhra Pradesh,1
196,Padma Awards,1
457,Stolen Documents FOI request reference: F0042138,0
155,ग्रामीण विकास मंत्रालय की वेबसाइट,1
629,Complaints Against the Government,0
416,caribbean,0
626,Building Atmanirbhar Bharat & Overcoming COVID-19,0
92,केन्द्रीय जल और विद्युत अनुसंधान केन्द्र,1
543,New Year,0
344,Information and Technology,1
120,"अनुदान की मांग, रसायन एवं पेट्रो-रसायन विभाग",1
768,Projects,0
544,Broadcasting,0
389,Women in uniform,1
355,Government Directory,1
289,PFMsExternal website that opens in a new window,1
283,National Informatics Centre (NIC),1
70,Defence Research and Development Organisation (DRDO),1
593,Military maps of the Second World War,0
111,Ministry of Panchayati Raj,1
715,"Maps for Family and Local History: the Records of the Tithe, Valuation Office Survey and National Farm Surveys of England and Wales, 1836–1943",0
618,Branches of the U.S. Government,0
570,IT Information FOI request reference: F0055809,0
739,How to File Your Federal Taxes,0
598,French muster rolls from the Battle of Trafalgar 1805,0
669,Driving,0
356,squadrons (royal air force),1
571,"What was life like on the Home Front during the Second World War? We look at preparations for war, the bombing of Britain, spies, the role of women and much more.",0
637,Foreclosure,0
691,Royal Navy ships’ voyages in log books,0
732,Children,0
72,राजस्व विभाग की आधिकारिक वेबसाइट,1
178,http://india.gov.in,1
485,Senior Civil Service Members’ correspondence FOI request reference: F0049631,0
386,Government Agencies and Elected Officials,1
7,royal flying corps,1
18,Advisory Council,1
726,business priorities for 2019–20,0
220,Royal Flying Corps officers,1
137,Website of South Central Zone Cultural Centre,1
514,Art & Culture,0
578,Financial support,0
462,Guidance and standards A-Z,0
550,"Government Actuary’s Department appraisal report 1870-2016 (PDF, 0.47MB)",0
681,Our Digital Strategy 2017-19,0
122,British Paralympic Association,1
364,Royal Courts of Justice,1
587,Takedown and reclosure policy,0
348,Digital India Awards,1
261,Embassy & Consulates,1
259,Ministry of Statistics & Programme Implementation,1
77,कृषि और सहकारिता मंत्रालय की वेबसाइट देखें,1
33,Farmers' Portal of India by Department of Agriculture and Cooperation,1
185,Who's Who,1
366,About the Government,1
622,Social Security Questions,0
38,Decide Who to Vote For,1
733,Principal Commodity wise Import,0
495,Close,0
475,British Army casualty lists 1939-1945,0
535,Natural Wonders,0
634,सेकेंडरी और हायर सेकेंडरी,0
704,केंद्रीय स्वास्थ्य सेवा के नव नियुक्त चिकित्साधिकारियों के लिए प्रशिक्षण कार्यक्रम,0
168,State Corrections Departments,1
83,Information about Support for International Patent Protection in Electronics & Information Technology (SIPEIT),1
374,officers merchant navy,1
30,Website of National Council of Science Museums,1
736,Media Corner Prime Minister,0
400,exempt from meeting the accessibility regulations,0
215,इलेक्ट्रॉनिकी और सूचना प्रौद्योगिकी मंत्रालय की वेबसाइट देखें,1
395,"If you already know medieval Latin, this online tutorial will help you learn to read the handwriting found in documents between 1086 and 1500.",0
440,Roads,0
692,"OSP60: Welsh Government 2006-2011 (PDF, 0.27MB)",0
614,17th and 18th century Burney Collection newspapers,0
297,प्रधानमंत्री जन-धन योजना की वेबसाइट देखें(पीएमजेडीवाय),1
228,indian army,1
445,loans for exhibitions application form,0
272,security service,1
177,पूर्ति और निपटान महानिदेशालय की वेबसाइट,1
531,lgbtq,0
76,Website of Department of Investment and Public Asset Management,1
486,Digital Careers Gov,0
479,Courts martial and desertion in the British Army 17th-20th centuries,0
381,government departments and agencies,1
700,research guide,0
749,Legal Deposit Libraries,0
248,ireland,1
147,The Olympic and Paralympic record,1
298,Haryana State Disaster Management Authority,1
508,Accessions to repositories,0
418,Citing records held at The National Archives,0
471,Accreditation Scheme by NIELIT,0
695,poor laws,0
88,भूमि संसाधन विभाग की वेबसाइट,1
132,President,1
779,ZJ 1,0
20,Navy,1
643,Skip to Content,0
685,Using materials from The National Archives,0
260,Lt. Governors & Administrators,1
724,non-Crown copyright,0
175,Website of the Central Industrial Security Force,1
273,civil servants,1
390,Essential services,1
588,"OSP3: Industrial policy 1974-1979 (PDF, 0.016MB)",0
305,"अनुदान की मांग, कौशल विकास और उद्यमिता मंत्रालय",1
64,Central Recordkeeping Agency (CRA) - External website that opens in a new window,1
589,Findmypast.co.uk,0
256,royal marines,1
65,रक्षा उत्पाद विभाग की वेबसाइट,1
309,राष्ट्रीय वनीकरण और पारिस्थितिकी विकास बोर्ड की वेबसाइट,1
716,"Explore our online resource about Domesday, with tasks and questions you can use in the",0
719,Petroleum & Natural Gas,0
264,Website of Ministry of Agriculture & Farmers Welfare,1
48,magistrates' courts,1
126,Ministry of Electronics & Information Technology,1
282,British military campaign and service medals,1
360,The Cabinet Room table,1
295,Coaches,1
334,Indian Army personnel,1
133,राष्ट्रीय हरित न्यायाधिकरण की वेबसाइट,1
150,Information on E-Governance development,1
153,Search Lok Sabha Members,1
145,सेना,1
163,Website of Hidayatullah National University of Law,1
197,About The Cabinet,1
255,हथकरघा निर्यात संवर्धन परिषद् की वेबसाइट देखें,1
689,Letters Patent,0
662,Water Tax Tiruchirappalli,0
465,मुख्य पृष्ठ,0
693,Enewsletter,0
41,Website of Ministry of Commerce and Industry,1
166,निवेश और लोक परिसंपत्ति प्रबंधन विभाग की वेबसाइट,1
762,Queens Printer Scotland Board and Management Team FOI request reference: F0042749,0
512,Other Backward Classes,0
459,State Consumer Protection Offices,0
676,land girls,0
620,Passports and International Travel,0
34,Names and email addresses for specific employees FOI request reference: F0049336,1
158,royal warrant holders,1
502,Researching African-Caribbean family history,0
245,Website of Central Pollution Control Board,1
605,Contacts,0
246,government employees,1
363,Councils,1
57,Website of Andhra Pradesh State Seeds Development Corporation,1
312,Information on Department of Economic Affairs,1
258,german foreign ministry,1
770,Find out more,0
555,जल संसाधन मंत्रालय के कार्यक्रमों और योजनाओं के बारे में जानकारी प्राप्त करें,0
663,ICT documents and strategy FOI request reference: F0042128,0
595,How we operate as a non-ministerial department,0
645,White papers,0
121,गोवा के जल संसाधन विभाग की वेबसाइट देखें,1
301,अन्नामलाई विश्वविद्यालय के समुद्री-विज्ञान संकाय के लिए एनविस केन्द्र,1
152,Param Vir Chakra (PVC),1
151,"Indo Tibetan Border Police Force Academy, Mussoorie, Uttarakhand",1
489,"OSP16: Probation records 1965-2001 (PDF, 0.31MB)",0
573,Rank abbreviations used in the medal index cards,0
16,Website of of Anna Institute of Management,1
167,Website of Centre for Cultural Resources and Training,1
752,Contract information relating to gas and electricity supply FOI request reference: F0046964,0
315,Governors,1
176,भारतीय वन्यजीव संस्थानकी वेबसाइट,1
592,भारतीय सेना में होने वाले भर्ती से संबंधित प्रपत्र डाउनलोड करें,0
350,royal navy,1
506,write to us,0
558,about the Hospital Records Database,0
513,Explaining Taxes to Kids Lesson Plan,0
583,How we spend public money,0
781,Community,0
434,HMT exceptions to cross-government moratoria on spending: Q3 October to December 2019 (Expenditure approvals),0
397,Español,0
164,संसद,1
200,List of Senior Information Risk Owners/Officers (SIROs) FOI request reference: F0042343,1
775,Check list of National Speed Post Centres,0
417,भारतीय वन्यजीव संस्थान की वार्षिक रिपोर्ट,0
73,Website of Centre for Marine Living Resources and Ecology,1
12,Ministry of Earth Sciences seminars application form,1
235,General Secretariat of the Cabinet,1
680,ks2,0
407,Commercial opportunities,0
746,Scheme of Fund for Regeneration of Traditional Industries (SFURTI),0
292,officers (royal marines),1
231,Website of Ministry of Finance,1
375,Cabinet Ministers,1
60,गोवा के वाणिज्यिक कर विभाग की वेबसाइट देखें,1
435,Information on cultural heritage of Pithoragarh district,0
740,Discovery,0
606,May 2018,0
580,डाक,0
51,"Central Detective Training School, Chandigarh",1
49,Corporate and institutional owners,1
394,TV series Who Do You Think You Are FOI request reference: F0047732,0
173,Annuity Service Providers (ASPs) - External website that opens in a new window,1
294,Government of Maharashtra,1
281,Defence & Paramilitary Personnel,1
542,मेघालय के अनुसूचित जनजाति/अनुसूचित जाति के छात्रों के लिए पोस्ट मैट्रिक छात्रवृत्ति के लिए प्रपत्र,0
698,Dr Claire Feehily,0
384,royal naval air service,1
419,UK Government Licensing Framework,0
230,Railway workers,1
224,Rajya Sabha,1
621,Storage,0
541,AIR 2/19086,0
0,royal irish constabulary,1
468,विमान निर्माता कंपनी बोइंग जनवरी में अस्थायी तौर पर 737 मैक्स जेट विमान का उत्पादन बंद करेगी,0
706,"OSP24: Records relating to the machinery of government and the management of the civil service March 1974-2000 (PDF, 0.15MB)",0
345,Royal Air Force personnel,1
250,"Mediation Center, High Court of Punjab and Haryana",1
66,Website of Swadesh Darshan,1
582,RITE e-Governance,0
323,Business,1
649,National Anthem,0
699,National Farm Survey of England and Wales 1941-1943,0
448,DESIDOC Journal of Library & Information Technology,0
734,summary of the public records,0
491,हिमाचल प्रदेश में व्यापार आलेख लाइसेंस के नवीकरण के लिए आवेदन प्रपत्र (प्रपत्र - बी),0
591,This tutorial is a beginners’ guide to the Latin used in documents between 1086 and 1733. It is the first in our series of online tutorials to help you learn the Latin from this period.,0
560,A+,0
415,previous responses,0
463,courts of law,0
317,Ministry of Information & Broadcasting,1
776,पंजाब के दूरसंचार विभाग की टेलीफोन निर्देशिका,0
221,Information Commissioner,1
165,soviet,1
370,Chief executive,1
287,Vice-President of India,1
668,June 2013,0
458,Crimean War records,0
774,Budget,0
611,Sports Infrastructure,0
744,मानकीकरण और कृषि और संबद्ध की ग्रेडिंग का संवर्धन उत्पादन,0
517,Accredited Archive status by Suffolk County Record Office FOI request reference: F0051698,0
296,Prime Minister of India,1
335,Excise and Inland Revenue officers,1
53,उच्चतर शिक्षा विभाग की वेबसाइट देखें,1
504,Facilities management information (request for further details) FOI request reference: F0049511,0
251,Website of Kendriya Sainik Board Secretariat (KSB),1
709,Driving theory test,0
532,Alien arrivals,0
130,Who we are,1
56,Directorate of Handicrafts and Cottage Industries of Odisha,1
777,air raids,0
545,LongLongTrail,0
767,Relevant sections of the Local Government Act 1972,0
39,नारियल विकास बोर्ड की आधिकारिक वेबसाइट,1
